"Complete Payment","إتمام الدفع",""
"optional","اختياري",""
"Payment Method","طريقة الدفع",""
"Refund Amount","المبلغ المسترد",""
"Enter amount...","أدخل المبلغ...",""
"Total Amount","إجمالي المبلغ",""
"Remaining","المتبقي",""
"Change Due","الباقي",""
"On Account","بالآجل",""
"Paid in Full","خالص / مدفوع بالكامل",""
"Fully Paid","مدفوع بالكامل",""
"Paid Amount","المبلغ المدفوع",""
"Paid: {0}","المدفوع: {0}",""
"Customer Credit Available","رصيد العميل المتاح",""
"Outstanding Balance","مديونية العميل",""
"Credit can be applied to invoice","يمكن استخدام الرصيد لسداد الفاتورة",""
"Amount owed by customer","المبلغ المستحق على العميل",""
"No outstanding balance","لا توجد مديونية",""
"Save","حفظ",""
"Cancel","إلغاء",""
"Submit","تأكيد",""
"Delete","حذف",""
"Edit","تعديل",""
"Search","بحث",""
"Close","إغلاق",""
"Confirm","تأكيد",""
"Yes","نعم",""
"No","لا",""
"Loading...","جاري التحميل...",""
"Error","خطأ",""
"Success","تم بنجاح",""
"Warning","تنبيه",""
"Information","معلومات",""
"Add Item","إضافة صنف",""
"Select Customer","اختر العميل",""
"Create Customer","عميل جديد",""
"Discount","خصم",""
"Tax","ضريبة",""
"Total","الإجمالي",""
"Checkout","الدفع وإنهاء الطلب",""
"Clear Cart","إفراغ السلة",""
"Hold Invoice","تعليق الفاتورة",""
"Print Receipt","طباعة الإيصال",""
"No stock available","الكمية نفدت",""
"Item added to cart","تمت الإضافة للسلة",""
"Item removed from cart","تم الحذف من السلة",""
"Open Shift","فتح وردية",""
"Close Shift","إغلاق الوردية",""
"Shift Opening","بداية الوردية",""
"Shift Closing","نهاية الوردية",""
"Opening Amount","عهدة الفتح",""
"Closing Amount","نقدية الإغلاق",""
"Cash in Hand","النقدية بالدرج",""
"Expected Amount","المبلغ المتوقع",""
"Difference","العجز / الزيادة",""
"Draft Invoices","مسودات",""
"Invoice History","سجل الفواتير",""
"Offline Invoices","فواتير غير مرحلة",""
"Return Invoice","مرتجع فاتورة",""
"Invoice Number","رقم الفاتورة",""
"Date","التاريخ",""
"Customer","العميل",""
"Amount","المبلغ",""
"Status","الحالة",""
"Paid","مدفوع",""
"Unpaid","غير مدفوع",""
"Partially Paid","مدفوع جزئياً",""
"Credit Note Issued","إشعار دائن",""
"Cancelled","ملغي",""
"Draft","مسودة",""
"Settings","الإعدادات",""
"General","عام",""
"Appearance","المظهر",""
"Language","اللغة",""
"Select Language","اختر اللغة",""
"Theme","السمة",""
"Notifications","الإشعارات",""
"Receipt Settings","إعدادات الإيصال",""
"Hardware","الأجهزة",""
"POS Profile","ملف نقطة البيع",""
"Network connection error","لا يوجد اتصال بالشبكة",""
"Session expired, please login again","انتهت الجلسة، يرجى الدخول مجدداً",""
"Insufficient stock for {0}","رصيد الصنف {0} غير كافٍ",""
"Invalid quantity","الكمية غير صحيحة",""
"Please select a customer","يرجى اختيار العميل أولاً",""
"Payment processing failed","فشلت عملية الدفع",""
"An unexpected error occurred","حدث خطأ غير متوقع",""
"This field is required","هذا الحقل مطلوب",""
"Minimum length is {0} characters","الحد الأدنى {0} حروف",""
"Maximum length is {0} characters","الحد الأقصى {0} حروف",""
"Please enter a valid email address","البريد الإلكتروني غير صحيح",""
"Please enter a valid phone number","رقم الهاتف غير صحيح",""
"Please enter a valid number","يرجى إدخال رقم صحيح",""
"Value must be positive","القيمة يجب أن تكون موجبة",""
"Customer Credit","رصيد العميل",""
"Available Credit","الرصيد المتاح",""
"Payment Methods","طرق الدفع",""
"Cash","نقدي",""
"Card","بطاقة بنكية",""
"Wallet","محفظة إلكترونية",""
"Bank Transfer","تحويل بنكي",""
"Item","الصنف",""
"Items","الأصناف",""
"1 item","صنف واحد",""
"{0} items","{0} أصناف",""
"Invoice Summary","ملخص الفاتورة",""
"Quantity","الكمية",""
"Price","السعر",""
"Subtotal","المجموع الفرعي",""
"Grand Total","الإجمالي الكلي",""
"Custom Amount","مبلغ مخصص",""
"Enter amount","أدخل المبلغ",""
"Apply","تطبيق",""
"Apply Coupon","تطبيق الكوبون",""
"Coupon Code","كود الخصم",""
"Remove","حذف",""
"Add","إضافة",""
"Update","تحديث",""
"Refresh","تنشيط",""
"Reload","إعادة تحميل",""
"Print","طباعة",""
"Download","تنزيل",""
"Upload","رفع",""
"Import","رفع ملف",""
"Export","تحميل ملف",""
"Filter","تصفية",""
"Sort","ترتيب",""
"Ascending","تصاعدي",""
"Descending","تنازلي",""
"All","الكل",""
"None","لا شيء",""
"Select All","تحديد الكل",""
"Deselect All","إلغاء التحديد",""
"Name","الاسم",""
"Email","البريد الإلكتروني",""
"Phone","الهاتف",""
"Address","العنوان",""
"City","المدينة",""
"State","المحافظة",""
"Country","الدولة",""
"Postal Code","الرمز البريدي",""
"Notes","ملاحظات",""
"Description","الوصف",""
"Category","القسم",""
"Type","النوع",""
"Unit","الوحدة",""
"Stock","الرصيد المخزني",""
"Available","متاح",""
"Out of Stock","نفدت الكمية",""
"Low Stock","رصيد منخفض",""
"In Stock","متوفر",""
"Barcode","باركود",""
"SKU","كود الصنف (SKU)",""
"Image","صورة",""
"Gallery","الصور",""
"Product","منتج",""
"Products","منتجات",""
"Service","خدمة",""
"Services","الخدمات",""
"Order","طلب",""
"Orders","الطلبات",""
"Invoice","فاتورة",""
"Invoices","الفواتير",""
"Payment","دفعة",""
"Payments","المدفوعات",""
"Receipt","إيصال",""
"Receipts","إيصالات",""
"Refund","استرداد",""
"Refunds","المبالغ المستردة",""
"Return","مرتجع",""
"Returns","المرتجعات",""
"Exchange","استبدال",""
"Exchanges","عمليات الاستبدال",""
"Sale","بيع",""
"Sales","المبيعات",""
"Purchase","شراء",""
"Purchases","المشتريات",""
"Report","تقرير",""
"Reports","التقارير",""
"Dashboard","لوحة التحكم",""
"Home","الرئيسية",""
"Profile","الملف الشخصي",""
"Account","الحساب",""
"Logout","تسجيل خروج",""
"Login","تسجيل دخول",""
"Sign In","دخول",""
"Sign Up","إنشاء حساب",""
"Register","تسجيل جديد",""
"Password","كلمة المرور",""
"Username","اسم المستخدم",""
"Remember Me","تذكرني",""
"Forgot Password?","نسيت كلمة المرور؟",""
"Reset Password","إعادة تعيين كلمة المرور",""
"Change Password","تغيير كلمة المرور",""
"Old Password","كلمة المرور الحالية",""
"New Password","كلمة المرور الجديدة",""
"Confirm Password","تأكيد كلمة المرور",""
"Today","اليوم",""
"Yesterday","أمس",""
"This Week","هذا الأسبوع",""
"Last Week","الأسبوع الماضي",""
"This Month","هذا الشهر",""
"Last Month","الشهر الماضي",""
"This Year","هذا العام",""
"Last Year","العام الماضي",""
"Custom Range","فترة مخصصة",""
"From","من",""
"To","إلى",""
"Start Date","تاريخ البدء",""
"End Date","تاريخ الانتهاء",""
"Time","الوقت",""
"Hour","ساعة",""
"Hours","ساعات",""
"Minute","دقيقة",""
"Minutes","دقائق",""
"Second","ثانية",""
"Seconds","ثوانٍ",""
"Day","يوم",""
"Days","أيام",""
"Week","أسبوع",""
"Weeks","أسابيع",""
"Month","شهر",""
"Months","أشهر",""
"Year","سنة",""
"Years","سنوات",""
"Are you sure?","هل أنت متأكد؟",""
"This action cannot be undone","لن يمكنك التراجع عن هذا الإجراء",""
"Confirm Delete","تأكيد الحذف",""
"Confirm Action","تأكيد الإجراء",""
"Processing...","جاري المعالجة...",""
"Please wait...","يرجى الانتظار...",""
"Saving...","جاري الحفظ...",""
"Loading data...","جاري تحميل البيانات...",""
"No data available","لا توجد بيانات",""
"No results found","لا توجد نتائج",""
"Search results","نتائج البحث",""
"Showing {0} to {1} of {2} entries","عرض {0} إلى {1} من {2}",""
"Page","صفحة",""
"Previous","السابق",""
"Next","التالي",""
"First","الأول",""
"Last","الأخير",""
"per page","في الصفحة",""
"View","عرض",""
"View Shift","عرض الوردية",""
"View Details","عرض التفاصيل",""
"Edit Details","تعديل البيانات",""
"Copy","نسخ",""
"Duplicate","تكرار",""
"Archive","أرشفة",""
"Restore","استعادة",""
"Move","نقل",""
"Rename","إعادة تسمية",""
"Share","مشاركة",""
"Download PDF","تنزيل PDF",""
"Send Email","إرسال بريد",""
"Print Invoice","طباعة الفاتورة",""
"Email Invoice","إرسال الفاتورة",""
"Mark as Paid","تسجيل كمدفوع",""
"Mark as Unpaid","تسجيل كغير مدفوع",""
"Payment Received","تم استلام الدفعة",""
"Payment Pending","الدفع معلق",""
"Payment Failed","فشل الدفع",""
"Completed","مكتمل",""
"Pending","قيد الانتظار",""
"Processing","قيد التنفيذ",""
"Cancelled","ملغي",""
"Refunded","تم الاسترداد",""
"Draft","مسودة",""
"Submitted","مُرسلة",""
"Approved","معتمدة",""
"Rejected","مرفوضة",""
"Active","نشط",""
"Inactive","غير نشط",""
"Enabled","مفعّل",""
"Disabled","معطّل",""
"Online","متصل",""
"Offline","غير متصل",""
"Connected","متصل",""
"Disconnected","غير متصل",""
"Synced","تمت المزامنة",""
"Not Synced","غير متزامن",""
"Syncing...","جاري المزامنة...",""
"Last Sync","آخر مزامنة",""
"Sync Now","مزامنة الآن",""
"Auto Sync","مزامنة تلقائية",""
"Manual Sync","مزامنة يدوية",""
"Clear Cache","مسح الذاكرة المؤقتة",""
"Reset Settings","إعادة تعيين الإعدادات",""
"Restore Defaults","استعادة الافتراضيات",""
"About","عن النظام",""
"Help","مساعدة",""
"Support","الدعم الفني",""
"Documentation","دليل الاستخدام",""
"Version","إصدار",""
"License","الترخيص",""
"Privacy Policy","سياسة الخصوصية",""
"Terms of Service","شروط الخدمة",""
"Contact Us","اتصل بنا",""
"Feedback","ملاحظات",""
"Rate Us","قيم التطبيق",""
"More","المزيد",""
"Less","أقل",""
"Show More","عرض المزيد",""
"Show Less","عرض أقل",""
"Expand","توسيع",""
"Collapse","طي",""
"Full Screen","ملء الشاشة",""
"Exit Full Screen","إنهاء ملء الشاشة",""
"Shift Open:","وقت بداية الوردية:",""
"Offline ({0} pending)","غير متصل ({0} معلقة)",""
"Online - Click to sync","متصل - اضغط للمزامنة",""
"Offline mode active","أنت تعمل في وضع ""عدم الاتصال""",""
"Online mode active","تم الاتصال بالإنترنت",""
"Cache","الذاكرة المؤقتة",""
"Items:","عدد الأصناف:",""
"Last Sync:","آخر مزامنة:",""
"Status:","الحالة:",""
"Auto-Sync:","مزامنة تلقائية:",""
"Refreshing...","جاري التحديث...",""
"Refresh Items","تحديث البيانات",""
"Refreshing items...","جاري تحديث الأصناف...",""
"Refresh items list","تحديث قائمة الأصناف",""
"Empty","فارغ",""
"Syncing","جاري المزامنة",""
"Ready","جاهز",""
"Never","أبداً",""
"Cache empty","الذاكرة فارغة",""
"Cache syncing","مزامنة الذاكرة",""
"Cache ready","البيانات جاهزة",""
"Access your point of sale system","الدخول لنظام نقاط البيع",""
"Your cart is empty","السلة فارغة",""
"Cart Items","محتويات السلة",""
"Clear","مسح",""
"Last 7 Days","آخر 7 أيام",""
"Last 30 Days","آخر 30 يوم",""
"All Status","جميع الحالات",""
"Partly Paid","مدفوع جزئياً",""
"Overdue","مستحق / متأخر",""
"Negative Stock","مخزون بالسالب",""
"Cart","السلة",""
"Welcome to POS Next","مرحباً بك في POS Next",""
"Please open a shift to start making sales","يرجى فتح وردية لبدء البيع",""
"Clear Cart?","إفراغ السلة؟",""
"Remove all {0} items from cart?","هل تريد حذف جميع الأصناف ({0}) من السلة؟",""
"Clear All","حذف الكل",""
"Sign Out Confirmation","تأكيد الخروج",""
"Your Shift is Still Open!","الوردية لا تزال مفتوحة!",""
"Close your shift first to save all transactions properly","يجب إغلاق الوردية أولاً لضمان ترحيل كافة العمليات بشكل صحيح.",""
"Close Shift & Sign Out","إغلاق الوردية والخروج",""
"Skip & Sign Out","خروج دون إغلاق",""
"Sign Out?","تسجيل الخروج؟",""
"You will be logged out of POS Next","سيتم تسجيل خروجك من POS Next",""
"Sign Out","خروج",""
"Signing Out...","جاري الخروج...",""
"Invoice Created Successfully","تم إنشاء الفاتورة",""
"Invoice {0} created successfully!","تم إنشاء الفاتورة {0} بنجاح!",""
"Total: {0}","الإجمالي: {0}",""
"An unexpected error occurred.","حدث خطأ غير متوقع.",""
"Delete Invoice","حذف الفاتورة",""
"Try Again","حاول مرة أخرى",""
"Tax mode updated. Cart recalculated with new tax settings.","تم تحديث نظام الضرائب. تمت إعادة حساب السلة.",""
"Discount settings changed. Cart recalculated.","تغيرت إعدادات الخصم. تمت إعادة حساب السلة.",""
"Prices are now tax-inclusive. This will apply to new items added to cart.","الأسعار الآن شاملة الضريبة (للأصناف الجديدة).",""
"Prices are now tax-exclusive. This will apply to new items added to cart.","الأسعار الآن غير شاملة الضريبة (للأصناف الجديدة).",""
"Negative stock sales are now allowed","البيع بالسالب مسموح الآن",""
"Negative stock sales are now restricted","البيع بالسالب غير مسموح",""
"Credit Sale","بيع آجل",""
"Write Off Change","شطب الكسور / الفكة",""
"Partial Payment","سداد جزئي",""
"Silent Print","طباعة مباشرة",""
"{0} settings applied immediately","تم تطبيق إعدادات {0}",""
"You can now start making sales","يمكنك البدء بالبيع الآن",""
"Shift closed successfully","تم إغلاق الوردية بنجاح",""
"Insufficient Stock","الرصيد غير كافٍ",""
"Item: {0}","الصنف: {0}",""
"\"{0}\" cannot be added to cart. Bundle is out of stock. Allow Negative Stock is disabled.","لا يمكن إضافة \"{0}\". المجموعة غير متوفرة (البيع بالسالب معطل).",""
"\"{0}\" cannot be added to cart. Item is out of stock. Allow Negative Stock is disabled.","لا يمكن إضافة \"{0}\". الصنف غير متوفر (البيع بالسالب معطل).",""
"{0} selected","تم تحديد {0}",""
"Please add items to cart before proceeding to payment","يرجى إضافة أصناف للسلة قبل الدفع",""
"Please select a customer before proceeding","يرجى اختيار العميل أولاً",""
"Invoice saved offline. Will sync when online","حُفظت الفاتورة محلياً (بدون اتصال). ستتم المزامنة لاحقاً.",""
"Unknown","غير معروف",""
"Invoice {0} created and sent to printer","تم إصدار الفاتورة {0} وإرسالها للطباعة",""
"Invoice {0} created but print failed","تم إصدار الفاتورة {0} لكن فشلت الطباعة",""
"Invoice {0} created successfully","تم إصدار الفاتورة {0} بنجاح",""
"All items removed from cart","تم إفراغ السلة",""
"{0} added to cart","أضيف للسلة: {0}",""
"{0} ({1}) added to cart","أضيف للسلة: {0} ({1})",""
"Failed to process selection. Please try again.","فشل الاختيار. يرجى المحاولة مرة أخرى.",""
"Return invoice {0} created successfully","تم عمل مرتجع للفاتورة {0} بنجاح",""
"Creating return for invoice {0}","جاري إنشاء مرتجع للفاتورة {0}",""
"{0} created and selected","تم إنشاء واختيار {0}",""
"All cached data has been cleared successfully","تم تنظيف الذاكرة المؤقتة بنجاح",""
"Failed to clear cache. Please try again.","فشل مسح الذاكرة المؤقتة.",""
"Your point of sale system is ready to use.","النظام جاهز للاستخدام.",""
"Shift Status","حالة الوردية",""
"Shift is Open","الوردية مفتوحة",""
"<strong>POS Profile:<strong> {0}","<strong>نقطة البيع:<strong> {0}",""
"<strong>Company:<strong>","<strong>الشركة:<strong>",""
"<strong>Opened:<strong>","<strong>وقت الفتح:<strong>",""
"Start Sale","بدء البيع",""
"No Active Shift","لا توجد وردية مفتوحة",""
"You need to open a shift before you can start making sales.","يجب فتح وردية قبل البدء في عمليات البيع.",""
"System Test","فحص النظام",""
"Test Connection","فحص الاتصال",""
"✓ Connection successful: {0}","✓ الاتصال ناجح: {0}",""
"✗ Connection failed: {0}","✗ فشل الاتصال: {0}",""
"Confirm Sign Out","تأكيد الخروج",""
"Active Shift Detected","تنبيه: الوردية مفتوحة",""
"You have an active shift open. Would you like to:","لديك وردية نشطة حالياً. ماذا تريد أن تفعل؟",""
"Are you sure you want to sign out of POS Next?","هل أنت متأكد من تسجيل الخروج من POS Next؟",""
"Sign Out Only","تسجيل الخروج فقط",""
"TAX INVOICE","فاتورة ضريبية",""
"Invoice #:","رقم الفاتورة:",""
"Date:","التاريخ:",""
"Customer:","العميل:",""
"Status:","الحالة:",""
"PARTIAL PAYMENT","سداد جزئي",""
"(FREE)","(مجاني)",""
"Subtotal:","المجموع الفرعي:",""
"Tax:","الضريبة:",""
"TOTAL:","الإجمالي:",""
"Total Paid:","إجمالي المدفوع:",""
"Change:","الباقي:",""
"BALANCE DUE:","المبلغ المستحق:",""
"Thank you for your business!","شكراً لتعاملكم معنا!",""
"Invoice - {0}","فاتورة رقم {0}",""
"Offline invoice deleted successfully","تم حذف الفاتورة (غير المرحلة) بنجاح",""
"Failed to delete offline invoice","فشل حذف الفاتورة",""
"Cannot sync while offline","لا يمكن المزامنة (لا يوجد اتصال)",""
"{0} invoice(s) synced successfully","تمت مزامنة {0} فاتورة",""
"Loading customers for offline use...","تجهيز بيانات العملاء للعمل دون اتصال...",""
"Data is ready for offline use","البيانات جاهزة للعمل دون اتصال",""
"Some data may not be available offline","بعض البيانات قد لا تتوفر دون اتصال",""
"POS is offline without cached data. Please connect to sync.","النظام غير متصل ولا توجد بيانات محفوظة. يرجى الاتصال بالإنترنت.",""
"{0} applied successfully","تم تطبيق {0}",""
"Discount has been removed from cart","تم إلغاء الخصم",""
"Add items to the cart before applying an offer.","أضف أصنافاً للسلة قبل تطبيق العرض.",""
"Your cart doesn't meet the requirements for this offer.","السلة لا تستوفي شروط هذا العرض.",""
"Failed to apply offer. Please try again.","فشل تطبيق العرض. حاول مجدداً.",""
"Offer has been removed from cart","تم حذف العرض من السلة",""
"Failed to update cart after removing offer.","فشل تحديث السلة بعد حذف العرض.",""
"Unit changed to {0}","تغيرت الوحدة إلى {0}",""
"Failed to update UOM. Please try again.","فشل تغيير وحدة القياس.",""
"{0} updated successfully","تم تحديث {0}",""
"Failed to update item. Please try again.","فشل تحديث الصنف.",""
"{0}h {1}m {2}s","{0}س {1}د {2}ث",""
"Sync Complete","اكتملت المزامنة",""
"Search by phone: {0}","بحث بالهاتف: {0}",""
"Search by email: {0}","بحث بالبريد: {0}",""
"Create new customer: {0}","إنشاء عميل جديد: {0}",""
"From {0}","من {0}",""
"Until {0}","إلى {0}",""
"Validation Error","خطأ في البيانات",""
"Permission Denied","غير مصرح لك",""
"Not Found","غير موجود",""
"Server Error","خطأ في الخادم",""
"Not enough stock available in the warehouse.\n\nPlease reduce the quantity or check stock availability.","لا يوجد مخزون كافٍ في المستودع.\n\nيرجى تقليل الكمية أو التحقق من توفر المخزون.",""
"Pricing Error","خطأ في التسعير",""
"Customer Error","خطأ في العميل",""
"Tax Configuration Error","خطأ في إعداد الضريبة",""
"Payment Error","خطأ في الدفع",""
"Naming Series Error","خطأ في سلسلة التسمية",""
"Connection Error","خطأ في الاتصال",""
"Unable to connect to server. Check your internet connection.","تعذر الاتصال بالخادم. تحقق من اتصالك بالإنترنت.",""
"Duplicate Entry","إدخال مكرر",""
"Error Report - POS Next","تقرير الخطأ - POS Next",""
"Title: {0}","العنوان: {0}",""
"Type: {0}","النوع: {0}",""
"Message: {0}","الرسالة: {0}",""
"Technical: {0}","تقني: {0}",""
"Timestamp: {0}","الطابع الزمني: {0}",""
"User: {0}","المستخدم: {0}",""
"POS Profile: {0}","ملف نقطة البيع: {0}",""
"Partial Payments","الدفعات الجزئية",""
"Manage invoices with pending payments","إدارة الفواتير ذات الدفعات المعلقة",""
"{0} invoice - {1} outstanding","{0} فاتورة - {1} مستحق",""
"{0} invoices - {1} outstanding","{0} فواتير - {1} مستحق",""
"Loading invoices...","جاري تحميل الفواتير...",""
"No Partial Payments","لا توجد دفعات جزئية",""
"All invoices are either fully paid or unpaid","جميع الفواتير إما مدفوعة بالكامل أو غير مدفوعة",""
"Add Payment","إضافة دفعة",""
"Payment History","سجل الدفعات",""
"Failed to load partial payments","فشل في تحميل الدفعات الجزئية",""
"Payment added successfully","تمت إضافة الدفعة بنجاح",""
"Failed to add payment","فشل في إضافة الدفعة",""
"Open POS Shift","فتح وردية نقطة البيع",""
"Select POS Profile","اختيار ملف نقطة البيع",""
"No POS Profiles available. Please contact your administrator.","لا توجد ملفات نقطة بيع متاحة. يرجى التواصل مع المسؤول.",""
"Change Profile","تغيير الملف",""
"Opening Balance (Optional)","الرصيد الافتتاحي (اختياري)",""
"No payment methods configured for this POS Profile","لم يتم تكوين طرق دفع لملف نقطة البيع هذا",""
"Existing Shift Found","تم العثور على وردية موجودة",""
"You have an open shift. Would you like to resume it or close it and open a new one?","لديك وردية مفتوحة. هل تريد استئنافها أو إغلاقها وفتح وردية جديدة؟",""
"<strong>POS Profile:</strong> {0}","<strong>ملف نقطة البيع:</strong> {0}",""
"<strong>Opened:</strong> {0}","<strong>تم الفتح:</strong> {0}",""
"Resume Shift","استئناف الوردية",""
"Close & Open New","إغلاق وفتح جديد",""
"Back","رجوع",""
"At least {0} items required","مطلوب {0} عناصر على الأقل",""
"Maximum {0} items allowed for this offer","الحد الأقصى {0} عناصر مسموحة لهذا العرض",""
"Minimum cart value of {0} required","مطلوب قيمة سلة لا تقل عن {0}",""
"Maximum cart value exceeded ({0})","تم تجاوز الحد الأقصى لقيمة السلة ({0})",""
"Cart does not contain eligible items for this offer","السلة لا تحتوي على منتجات مؤهلة لهذا العرض",""
"Cart does not contain items from eligible groups","السلة لا تحتوي على منتجات من المجموعات المؤهلة",""
"Cannot save an empty cart as draft","لا يمكن حفظ سلة فارغة كمسودة",""
"Invoice saved as draft successfully","تم حفظ الفاتورة كمسودة بنجاح",""
"Failed to save draft","فشل في حفظ المسودة",""
"Draft invoice loaded successfully","تم تحميل مسودة الفاتورة بنجاح",""
"Failed to load draft","فشل في تحميل المسودة",""
"Close POS Shift","إغلاق وردية نقطة البيع",""
"Loading shift data...","جاري تحميل بيانات الوردية...",""
"Calculating totals and reconciliation...","جاري حساب الإجماليات والتسوية...",""
"Duration","المدة",""
"Total Sales","إجمالي المبيعات",""
"{0} invoices","{0} فواتير",""
"Net Amount","صافي المبلغ",""
"Before tax","قبل الضريبة",""
"Items Sold","المنتجات المباعة",""
"Total items","إجمالي العناصر",""
"Tax Collected","الضريبة المحصلة",""
"Total tax","إجمالي الضريبة",""
"No Sales During This Shift","لا مبيعات خلال هذه الوردية",""
"No invoices were created. Closing amounts should match opening amounts.","لم يتم إنشاء فواتير. يجب أن تتطابق مبالغ الإغلاق مع مبالغ الافتتاح.",""
"Invoice Details","تفاصيل الفاتورة",""
"{0} transactions • {1}","{0} معاملات • {1}",""
"N/A","غير متوفر",""
"Total:","الإجمالي:",""
"Payment Reconciliation","تسوية الدفعات",""
"✓ Shift Closed","✓ تم إغلاق الوردية",""
"Total Variance","إجمالي الفرق",""
"Enter actual amount for {0}","أدخل المبلغ الفعلي لـ {0}",""
"Expected: <span class=\"font-medium\">{0}</span>","المتوقع: <span class=\"font-medium\">{0}</span>",""
"✓ Balanced","✓ متوازن",""
"Over {0}","زيادة {0}",""
"Short {0}","نقص {0}",""
"Opening","الافتتاح",""
"Shift start","بداية الوردية",""
"Expected","المتوقع",""
"No sales","لا مبيعات",""
"Actual Amount *","المبلغ الفعلي *",""
"Final Amount","المبلغ النهائي",""
"Count & enter","عد وأدخل",""
"Cash Over","زيادة نقدية",""
"Cash Short","نقص نقدي",""
"You have more than expected.","لديك أكثر من المتوقع.",""
"You have less than expected.","لديك أقل من المتوقع.",""
"Total Expected","إجمالي المتوقع",""
"Total Actual","إجمالي الفعلي",""
"Net Variance","صافي الفرق",""
"Tax Summary","ملخص الضريبة",""
"Total Tax Collected","إجمالي الضريبة المحصلة",""
"Error Closing Shift","خطأ في إغلاق الوردية",""
"Dismiss","إغلاق",""
"Failed to Load Shift Data","فشل في تحميل بيانات الوردية",""
"Please enter all closing amounts","يرجى إدخال جميع مبالغ الإغلاق",""
"✓ Shift closed successfully","✓ تم إغلاق الوردية بنجاح",""
"Closing Shift...","جاري إغلاق الوردية...",""
"{0}h {1}m","{0}س {1}د",""
"{0}m","{0}د",""
"-- Select --","-- اختر --",""
"Select Customer","اختيار عميل",""
"Search and select a customer for the transaction","البحث واختيار عميل للمعاملة",""
"Search customers by name, mobile, or email...","البحث عن العملاء بالاسم أو الهاتف أو البريد...",""
"Search customers","البحث عن العملاء",""
"⭐ Recent & Frequent","⭐ الأحدث والأكثر تكراراً",""
"{0} of {1} customers","{0} من {1} عميل",""
"• Use ↑↓ to navigate, Enter to select","• استخدم ↑↓ للتنقل، Enter للاختيار",""
"Loading customers...","جاري تحميل العملاء...",""
"No customers available","لا يوجد عملاء متاحين",""
"Create your first customer to get started","قم بإنشاء أول عميل للبدء",""
"No results for \"{0}\"","لا توجد نتائج لـ \"{0}\"",""
"Try a different search term or create a new customer","جرب مصطلح بحث مختلف أو أنشئ عميلاً جديداً",""
"+ Create New Customer","+ إنشاء عميل جديد",""
"All Items","جميع المنتجات",""
"Syncing catalog in background... {0} items cached","جاري مزامنة الكتالوج في الخلفية... {0} عنصر مخزن",""
"Search items","البحث عن منتجات",""
"Barcode Scanner: ON (Click to disable)","ماسح الباركود: مفعل (انقر للتعطيل)",""
"Barcode Scanner: OFF (Click to enable)","ماسح الباركود: معطل (انقر للتفعيل)",""
"Disable barcode scanner","تعطيل ماسح الباركود",""
"Enable barcode scanner","تفعيل ماسح الباركود",""
"Auto-Add: ON - Press Enter to add items to cart","الإضافة التلقائية: مفعلة - اضغط Enter لإضافة منتجات للسلة",""
"Auto-Add: OFF - Click to enable automatic cart addition on Enter","الإضافة التلقائية: معطلة - انقر لتفعيل الإضافة التلقائية عند Enter",""
"Disable auto-add","تعطيل الإضافة التلقائية",""
"Enable auto-add","تفعيل الإضافة التلقائية",""
"Auto","تلقائي",""
"Grid View","عرض شبكي",""
"Switch to grid view","التبديل إلى العرض الشبكي",""
"List View","عرض قائمة",""
"Switch to list view","التبديل إلى عرض القائمة",""
"Sorted by {0} A-Z","مرتب حسب {0} أ-ي",""
"Sorted by {0} Z-A","مرتب حسب {0} ي-أ",""
"Sort items","ترتيب المنتجات",""
"Sort Items","ترتيب المنتجات",""
"No Sorting","بدون ترتيب",""
"Loading items...","جاري تحميل المنتجات...",""
"No results for {0} in {1}","لا توجد نتائج لـ {0} في {1}",""
"No results in {0}","لا توجد نتائج في {0}",""
"No results for {0}","لا توجد نتائج لـ {0}",""
"No items available","لا توجد منتجات متاحة",""
"{0}: {1} {2}","{0}: {1} {2}",""
"Nos","قطعة",""
"Check availability in other warehouses","التحقق من التوفر في مستودعات أخرى",""
"Check Availability in All Wherehouses","التحقق من التوفر في كل المستودعات",
"Selected","اختيار",
"Check warehouse availability","التحقق من توفر المستودع",""
"Loading more items...","جاري تحميل المزيد من المنتجات...",""
"All items loaded","تم تحميل جميع المنتجات",""
"{0} items found","تم العثور على {0} منتج",""
"{0} - {1} of {2}","{0} - {1} من {2}",""
"Go to first page","الذهاب للصفحة الأولى",""
"Go to previous page","الذهاب للصفحة السابقة",""
"Go to page {0}","الذهاب للصفحة {0}",""
"Go to next page","الذهاب للصفحة التالية",""
"Go to last page","الذهاب للصفحة الأخيرة",""
"Code","الرمز",""
"Rate","السعر",""
"Qty","الكمية",""
"UOM","وحدة القياس",""
"{0}: {1} Bundles","{0}: {1} حزم",""
"Auto-Add ON - Type or scan barcode","الإضافة التلقائية مفعلة - اكتب أو امسح الباركود",""
"Scanner ON - Enable Auto for automatic addition","الماسح مفعل - فعّل التلقائي للإضافة التلقائية",""
"Search by item code, name or scan barcode","البحث برمز المنتج أو الاسم أو مسح الباركود",""
"Item Not Found: No item found with barcode: {0}","المنتج غير موجود: لم يتم العثور على منتج بالباركود: {0}",""
"Multiple Items Found: {0} items match barcode. Please refine search.","تم العثور على منتجات متعددة: {0} منتج يطابق الباركود. يرجى تحسين البحث.",""
"Multiple Items Found: {0} items match. Please select one.","تم العثور على منتجات متعددة: {0} منتج. يرجى اختيار واحد.",""
"Loading invoice details...","جاري تحميل تفاصيل الفاتورة...",""
"Return Against:","إرجاع مقابل:",""
"Grand Total","المجموع الكلي",""
"Taxes:","الضرائب:",""
"Net Total:","صافي الإجمالي:",""
"Discount:","الخصم:",""
"Grand Total:","المجموع الكلي:",""
"Paid Amount:","المبلغ المدفوع:",""
"Outstanding:","المستحق:",""
"Remarks","ملاحظات",""
"Failed to load invoice details","فشل في تحميل تفاصيل الفاتورة",""
"Warehouse Availability","توفر المستودعات",""
"Close dialog","إغلاق النافذة",""
"Checking warehouse availability...","جاري التحقق من توفر المستودعات...",""
"Actual Stock:","المخزون الفعلي:",""
"This item is out of stock in all warehouses","هذا المنتج غير متوفر في جميع المستودعات",""
"Total Available:","إجمالي المتاح:",""
"across 1 warehouse","عبر مستودع واحد",""
"across {0} warehouses","عبر {0} مستودعات",""
"Have a coupon code?","هل لديك رمز كوبون؟",""
"Enter your promotional or gift card code below","أدخل رمز العرض الترويجي أو بطاقة الهدايا أدناه",""
"ENTER-CODE-HERE","أدخل-الرمز-هنا",""
"Code is case-insensitive","الرمز غير حساس لحالة الأحرف",""
"My Gift Cards ({0})","بطاقات الهدايا الخاصة بي ({0})",""
"Coupon Applied Successfully!","تم تطبيق الكوبون بنجاح!",""
"Discount Amount","قيمة الخصم",""
"Please enter a coupon code","يرجى إدخال رمز الكوبون",""
"The coupon code you entered is not valid","رمز الكوبون الذي أدخلته غير صالح",""
"This coupon requires a minimum purchase of ","هذا الكوبون يتطلب حد أدنى للشراء بقيمة ",""
"Failed to apply coupon. Please try again.","فشل في تطبيق الكوبون. يرجى المحاولة مرة أخرى.",""
"Discount has been removed","تمت إزالة الخصم",""
"Search countries...","البحث عن الدول...",""
"No countries found","لم يتم العثور على دول",""
"Create New Customer","إنشاء عميل جديد",""
"Customer Name","اسم العميل",""
"Enter customer name","أدخل اسم العميل",""
"Mobile Number","رقم الهاتف",""
"Search country or code...","البحث عن دولة أو رمز...",""
"Enter phone number","أدخل رقم الهاتف",""
"Enter email address","أدخل البريد الإلكتروني",""
"Customer Group","مجموعة العملاء",""
"Select Customer Group","اختر مجموعة العملاء",""
"Territory","المنطقة",""
"Select Territory","اختر المنطقة",""
"Permission Required","إذن مطلوب",""
"You don't have permission to create customers. Contact your administrator.","ليس لديك إذن لإنشاء عملاء. تواصل مع المسؤول.",""
"Individual","فرد",""
"All Territories","جميع المناطق",""
"Customer {0} created successfully","تم إنشاء العميل {0} بنجاح",""
"Failed to create customer","فشل في إنشاء العميل",""
"Customer Name is required","اسم العميل مطلوب",""
"Promotion & Coupon Management","إدارة العروض والكوبونات",""
"Manage promotional schemes and coupons","إدارة مخططات العروض الترويجية والكوبونات",""
"Promotional Schemes","المخططات الترويجية",""
"Coupons","الكوبونات",""
"Search promotions...","البحث عن العروض...",""
"Active Only","النشطة فقط",""
"Expired Only","المنتهية فقط",""
"Not Started","لم تبدأ بعد",""
"Disabled Only","المعطلة فقط",""
"Create New Promotion","إنشاء عرض جديد",""
"Create permission required","إذن الإنشاء مطلوب",""
"No promotions found","لم يتم العثور على عروض",""
"Rule","قاعدة",""
"Scheme","مخطط",""
"{0} items","{0} منتجات",""
"No expiry","بدون انتهاء",""
"Select a Promotion","اختر عرضاً",""
"Choose a promotion from the list to view and edit, or create a new one to get started","اختر عرضاً من القائمة لعرضه وتعديله، أو أنشئ واحداً جديداً للبدء",""
"You don't have permission to create promotions","ليس لديك إذن لإنشاء العروض",""
"Create New Promotion","إنشاء عرض جديد",""
"Edit Promotion","تعديل العرض",""
"Pricing Rule","قاعدة التسعير",""
"Promotional Scheme","المخطط الترويجي",""
"Fill in the details to create a new promotional scheme","أملأ التفاصيل لإنشاء مخطط ترويجي جديد",""
"View pricing rule details (read-only)","عرض تفاصيل قاعدة التسعير (للقراءة فقط)",""
"Update the promotion details below","تحديث تفاصيل العرض أدناه",""
"Read-only: Edit in ERPNext","للقراءة فقط: عدّل في ERPNext",""
"Enable","تفعيل",""
"Basic Information","المعلومات الأساسية",""
"Promotion Name","اسم العرض",""
"e.g., Summer Sale 2025","مثال: تخفيضات الصيف 2025",""
"Valid From","صالح من",""
"Valid Until","صالح حتى",""
"Apply On","تطبيق على",""
"Specific Items","منتجات محددة",""
"Item Groups","مجموعات المنتجات",""
"Brands","العلامات التجارية",""
"Entire Transaction","المعاملة بالكامل",""
"Select {0}","اختر {0}",""
"Required","مطلوب",""
"Search items... (min 2 characters)","البحث عن منتجات... (حرفين كحد أدنى)",""
"Searching from {0} cached items","البحث من {0} منتج مخزن",""
"-- Select Item Group --","-- اختر مجموعة المنتجات --",""
"-- Select Brand --","-- اختر العلامة التجارية --",""
"Discount Details","تفاصيل الخصم",""
"Discount Type","نوع الخصم",""
"Discount (%)","الخصم (%)",""
"discount ({0})","الخصم ({0})",""
"Free Item","منتج مجاني",""
"Search item... (min 2 characters)","البحث عن منتج... (حرفين كحد أدنى)",""
"Free Quantity","الكمية المجانية",""
"Minimum Quantity","الحد الأدنى للكمية",""
"Maximum Quantity","الحد الأقصى للكمية",""
"Minimum Amount ({0})","الحد الأدنى للمبلغ ({0})",""
"Maximum Amount ({0})","الحد الأقصى للمبلغ ({0})",""
"Delete Promotion","حذف العرض",""
"Are you sure you want to delete <strong>\"{0}\"<strong>?","هل أنت متأكد من حذف <strong>\"{0}\"<strong>؟",""
"This will also delete all associated pricing rules. This action cannot be undone.","سيؤدي هذا أيضاً إلى حذف جميع قواعد التسعير المرتبطة. لا يمكن التراجع عن هذا الإجراء.",""
"Percentage","نسبة مئوية",""
"Fixed Amount","مبلغ ثابت",""
"Failed to load item groups","فشل في تحميل مجموعات المنتجات",""
"Failed to load brands","فشل في تحميل العلامات التجارية",""
"Promotion created successfully","تم إنشاء العرض بنجاح",""
"Failed to create promotion","فشل في إنشاء العرض",""
"Promotion updated successfully","تم تحديث العرض بنجاح",""
"Failed to update promotion","فشل في تحديث العرض",""
"Promotion status updated successfully","تم تحديث حالة العرض بنجاح",""
"Failed to update promotion status","فشل في تحديث حالة العرض",""
"Promotion deleted successfully","تم حذف العرض بنجاح",""
"Failed to delete promotion","فشل في حذف العرض",""
"Failed to load promotion details","فشل في تحميل تفاصيل العرض",""
"An error occurred","حدث خطأ",""
"Please enter a promotion name","يرجى إدخال اسم العرض",""
"Promotion \"{0}\" already exists. Please use a different name.","العرض \"{0}\" موجود بالفعل. يرجى استخدام اسم مختلف.",""
"Please select at least one {0}","يرجى اختيار {0} واحد على الأقل",""
"Partially Paid ({0})","مدفوع جزئياً ({0})",""
"Unpaid ({0})","غير مدفوع ({0})",""
"Overdue ({0})","متأخر السداد ({0})",""
"Outstanding Payments","المدفوعات المستحقة",""
"{0} paid","تم دفع {0}",""
"No Unpaid Invoices","لا توجد فواتير غير مدفوعة",""
"All invoices are fully paid","جميع الفواتير مدفوعة بالكامل",""
"No invoices found","لم يتم العثور على فواتير",""
"Date & Time","التاريخ والوقت",""
"Paid Amount","المبلغ المدفوع",""
"No draft invoices","لا توجد مسودات فواتير",""
"Save invoices as drafts to continue later","احفظ الفواتير كمسودات للمتابعة لاحقاً",""
"Customer: {0}","العميل: {0}",""
"Delete draft","حذف المسودة",""
"{0} item(s)","{0} منتج(منتجات)",""
"+{0} more","+{0} أخرى",""
"No return invoices","لا توجد فواتير إرجاع",""
"Return invoices will appear here","ستظهر فواتير الإرجاع هنا",""
"Against: {0}","مقابل: {0}",""
"Drafts","المسودات",""
"Failed to load unpaid invoices","فشل في تحميل الفواتير غير المدفوعة",""
"Select Batch Numbers","اختر أرقام الدفعات",""
"Select Serial Numbers","اختر الأرقام التسلسلية",""
"Select Batch Number","اختر رقم الدفعة",""
"Qty: {0}","الكمية: {0}",""
"Exp: {0}","تنتهي: {0}",""
"Select Serial Numbers ({0}/{1})","اختر الأرقام التسلسلية ({0}/{1})",""
"Warehouse: {0}","المستودع: {0}",""
"Or enter serial numbers manually (one per line)","أو أدخل الأرقام التسلسلية يدوياً (واحد لكل سطر)",""
"Enter serial numbers...","أدخل الأرقام التسلسلية...",""
"Change language: {0}","تغيير اللغة: {0}",""
"<strong>{0}</strong> of <strong>{1}</strong> invoice(s)","<strong>{0}</strong> من <strong>{1}</strong> فاتورة(فواتير)",""
"Clear all","مسح الكل",""
"From Date","من تاريخ",""
"To Date","إلى تاريخ",""
"Save these filters as...","حفظ هذه الفلاتر كـ...",""
"Saved Filters","الفلاتر المحفوظة",""
"Partial","جزئي",""
"Delete \"{0}\"?","حذف \"{0}\"؟",""
"Install POSNext","تثبيت POSNext",""
"Faster access and offline support","وصول أسرع ودعم بدون اتصال",""
"Snooze for 7 days","تأجيل لمدة 7 أيام",""
"Install","تثبيت",""
"Close (shows again next session)","إغلاق (يظهر مجدداً في الجلسة القادمة)",""
"Searching...","جاري البحث...",""
"No options available","لا توجد خيارات متاحة",""
"Clear selection","مسح الاختيار",""
"Load more ({0} remaining)","تحميل المزيد ({0} متبقي)",""
"Search...","بحث...",""
"Search coupons...","البحث عن الكوبونات...",""
"Expired","منتهي الصلاحية",""
"Exhausted","مستنفد",""
"All Types","جميع الأنواع",""
"POS Next","POS Next",""
"View items","عرض المنتجات",""
"View cart","عرض السلة",""
"View cart with {0} items","عرض السلة مع {0} منتجات",""
"Hr","س",""
"Min","د",""
"Sec","ث",""
"{0} paid of {1}","تم دفع {0} من {1}",""
"Outstanding","مستحق",""
"Sales Persons","مندوبو المبيعات",""
"Sales Person","مندوب المبيعات",""
"1 selected","1 مختار",""
"Selected:","المختارين:",""
"Total: {0}% (should be 100%)","الإجمالي: {0}% (يجب أن يكون 100%)",""
"Commission: {0}%","العمولة: {0}%",""
"Search to add sales persons","ابحث لإضافة مندوبي مبيعات",""
"Loading sales persons...","جاري تحميل مندوبي المبيعات...",""
"No sales persons found","لم يتم العثور على مندوبي مبيعات",""
"Additional Discount","خصم إضافي",""
"% Percent","% نسبة",""
"{0} Amount","المبلغ {0}",""
"Select payment method to add","اختر طريقة دفع للإضافة",""
"Added","مضاف",""
"Quick amounts for {0}","مبالغ سريعة لـ {0}",""
"Custom amount","مبلغ مخصص",""
"Payment Breakdown","تفاصيل الدفع",""
"Apply Credit","تطبيق الرصيد",""
"Pay on Account","الدفع بالآجل",""
"Maximum allowed discount is {0}%","الحد الأقصى للخصم المسموح به هو {0}%",""
"Maximum allowed discount is {0}% ({1} {2})","الحد الأقصى للخصم المسموح به هو {0}% ({1} {2})",""
"Create new customer","إنشاء عميل جديد",""
"Remove customer","إزالة العميل",""
"Search or add customer...","البحث أو إضافة عميل...",""
"Search customer in cart","البحث عن العميل في السلة",""
"Select items to start or choose a quick action","اختر المنتجات للبدء أو اختر إجراءً سريعاً",""
"View current shift details","عرض تفاصيل الوردية الحالية",""
"View draft invoices","عرض مسودات الفواتير",""
"View invoice history","عرض سجل الفواتير",""
"Process return invoice","معالجة فاتورة الإرجاع",""
"Close current shift","إغلاق الوردية الحالية",""
"{0} free item(s) included","يتضمن {0} منتج(منتجات) مجانية",""
"+{0} FREE","+{0} مجاني",""
"Remove {0}","إزالة {0}",""
"Remove item","إزالة المنتج",""
"Decrease quantity","تقليل الكمية",""
"Increase quantity","زيادة الكمية",""
"Click to change unit","انقر لتغيير الوحدة",""
"Only one unit available","وحدة واحدة متاحة فقط",""
"Total Quantity","إجمالي الكمية",""
"Proceed to payment","المتابعة للدفع",""
"Hold order as draft","تعليق الطلب كمسودة",""
"Hold","تعليق",""
"Offers","العروض",""
"Coupon","الكوبون",""
"Edit Item Details","تعديل تفاصيل المنتج",""
"Edit item quantity, UOM, warehouse, and discount","تعديل الكمية ووحدة القياس والمستودع والخصم",""
"Default","افتراضي",""
"Item Discount","خصم المنتج",""
"Percentage (%)","نسبة مئوية (%)",""
"Checking Stock...","جاري فحص المخزون...",""
"No Stock Available","لا يوجد مخزون متاح",""
"Update Item","تحديث المنتج",""
"\"{0}\" is not available in warehouse \"{1}\". Please select another warehouse.","\"{0}\" غير متوفر في المستودع \"{1}\". يرجى اختيار مستودع آخر.",""
"Only {0} units of \"{1}\" available in \"{2}\". Current quantity: {3}","فقط {0} وحدات من \"{1}\" متوفرة في \"{2}\". الكمية الحالية: {3}",""
"{0} units available in \"{1}\"","{0} وحدات متوفرة في \"{1}\"",""
"Available Offers","العروض المتاحة",""
"Loading offers...","جاري تحميل العروض...",""
"Applying offer...","جاري تطبيق العرض...",""
"No offers available","لا توجد عروض متاحة",""
"Add items to your cart to see eligible offers","أضف منتجات للسلة لرؤية العروض المؤهلة",""
"APPLIED","مطبّق",""
"PRICING RULE","قاعدة تسعير",""
"PROMO SCHEME","مخطط ترويجي",""
"{0}% OFF","خصم {0}%",""
"{0} OFF","خصم {0}",""
"Special Offer","عرض خاص",""
"+ Free Item","+ منتج مجاني",""
"Min Purchase","الحد الأدنى للشراء",""
"Min Quantity","الحد الأدنى للكمية",""
"Subtotal (before tax)","المجموع الفرعي (قبل الضريبة)",""
"Add {0} more to unlock","أضف {0} للحصول على العرض",""
"Remove Offer","إزالة العرض",""
"Apply Offer","تطبيق العرض",""
"Create Return Invoice","إنشاء فاتورة إرجاع",""
"Select Invoice to Return","اختر الفاتورة للإرجاع",""
"Search by invoice number or customer name...","البحث برقم الفاتورة أو اسم العميل...",""
"Search by invoice number or customer...","البحث برقم الفاتورة أو العميل...",""
"Process Return","معالجة الإرجاع",""
"Select Items to Return","اختر المنتجات للإرجاع",""
"⚠️ {0} already returned","⚠️ تم إرجاع {0} مسبقاً",""
"Return Qty:","كمية الإرجاع:",""
"of {0}","من {0}",""
"No items available for return","لا توجد منتجات متاحة للإرجاع",""
"Refund Payment Methods","طرق استرداد الدفع",""
"+ Add Payment","+ إضافة طريقة دفع",""
"Select method...","اختر الطريقة...",""
"Select payment method...","اختر طريقة الدفع...",""
"Total Refund:","إجمالي الاسترداد:",""
"Payment Total:","إجمالي المدفوع:",""
"⚠️ Payment total must equal refund amount","⚠️ يجب أن يساوي إجمالي الدفع مبلغ الاسترداد",""
"Return Summary","ملخص الإرجاع",""
"Items to Return:","المنتجات للإرجاع:",""
"Refund Amount:","مبلغ الاسترداد:",""
"Enter reason for return (e.g., defective product, wrong item, customer request)...","أدخل سبب الإرجاع (مثل: منتج معيب، منتج خاطئ، طلب العميل)...",""
"{0} item(s) selected","تم اختيار {0} منتج(منتجات)",""
"Create Return","إنشاء الإرجاع",""
"OK","حسناً",""
"Invoice must be submitted to create a return","يجب اعتماد الفاتورة لإنشاء إرجاع",""
"Cannot create return against a return invoice","لا يمكن إنشاء إرجاع مقابل فاتورة إرجاع",""
"All items from this invoice have already been returned","تم إرجاع جميع المنتجات من هذه الفاتورة بالفعل",""
"Return against {0}","إرجاع مقابل {0}",""
"Failed to create return invoice","فشل في إنشاء فاتورة الإرجاع",""
"Failed to load recent invoices","فشل في تحميل الفواتير الأخيرة",""
"{0}: maximum {1}","{0}: الحد الأقصى {1}",""
"Adjust return quantities before submitting.\n\n{0}","عدّل كميات الإرجاع قبل الإرسال.\n\n{0}",""
"{0} Pending Invoice(s)","{0} فاتورة(فواتير) معلقة",""
"These invoices will be submitted when you're back online","سيتم إرسال هذه الفواتير عند عودتك للاتصال",""
"Sync All","مزامنة الكل",""
"No pending offline invoices","لا توجد فواتير معلقة غير متصلة",""
"Walk-in Customer","عميل عابر",""
"{0} failed","فشل {0}",""
"Payments:","الدفعات:",""
"Edit Invoice","تعديل الفاتورة",""
"Are you sure you want to delete this offline invoice?","هل أنت متأكد من حذف هذه الفاتورة غير المتصلة؟",""
"This action cannot be undone.","لا يمكن التراجع عن هذا الإجراء.",""
"Just now","الآن",""
"{0} minutes ago","منذ {0} دقائق",""
"{0} hours ago","منذ {0} ساعات",""
"POS Settings","إعدادات نقطة البيع",""
"Save Changes","حفظ التغييرات",""
"Loading settings...","جاري تحميل الإعدادات...",""
"Stock Management","إدارة المخزون",""
"Configure warehouse and inventory settings","إعدادات المستودع والمخزون",""
"Stock Controls","عناصر تحكم المخزون",""
"Warehouse Selection","اختيار المستودع",""
"Loading warehouses...","جاري تحميل المستودعات...",""
"Active Warehouse","المستودع النشط",""
"All stock operations will use this warehouse. Stock quantities will refresh after saving.","جميع عمليات المخزون ستستخدم هذا المستودع. سيتم تحديث كميات المخزون بعد الحفظ.",""
"Stock Validation Policy","سياسة التحقق من المخزون",""
"Allow Negative Stock","السماح بالمخزون السالب",""
"Enable selling items even when stock reaches zero or below. Integrates with ERPNext stock settings.","تمكين بيع المنتجات حتى عندما يصل المخزون إلى الصفر أو أقل. يتكامل مع إعدادات مخزون ERPNext.",""
"Background Stock Sync","مزامنة المخزون في الخلفية",""
"Enable Automatic Stock Sync","تمكين مزامنة المخزون التلقائية",""
"Periodically sync stock quantities from server in the background (runs in Web Worker)","مزامنة كميات المخزون دورياً من الخادم في الخلفية (تعمل في Web Worker)",""
"Sync Interval (seconds)","فترة المزامنة (ثواني)",""
"How often to check server for stock updates (minimum 10 seconds)","كم مرة يتم فحص الخادم لتحديثات المخزون (الحد الأدنى 10 ثواني)",""
"Warehouse not set","لم يتم تعيين المستودع",""
"Network Usage:","استخدام الشبكة:",""
"~15 KB per sync cycle","~15 كيلوبايت لكل دورة مزامنة",""
"~{0} MB per hour","~{0} ميجابايت في الساعة",""
"Sales Management","إدارة المبيعات",""
"Configure pricing, discounts, and sales operations","إعدادات التسعير والخصومات وعمليات البيع",""
"Sales Controls","عناصر تحكم المبيعات",""
"Pricing & Discounts","التسعير والخصومات",""
"Tax Inclusive","شامل الضريبة",""
"When enabled, displayed prices include tax. When disabled, tax is calculated separately. Changes apply immediately to your cart when you save.","عند التفعيل، الأسعار المعروضة تشمل الضريبة. عند التعطيل، يتم حساب الضريبة بشكل منفصل. التغييرات تطبق فوراً على السلة عند الحفظ.",""
"Max Discount (%)","الحد الأقصى للخصم (%)",""
"Maximum discount per item","الحد الأقصى للخصم لكل منتج",""
"Use Percentage Discount","استخدام خصم نسبي",""
"Show discounts as percentages","عرض الخصومات كنسب مئوية",""
"Allow Additional Discount","السماح بخصم إضافي",""
"Enable invoice-level discount","تفعيل خصم على مستوى الفاتورة",""
"Allow Item Discount","السماح بخصم المنتج",""
"Enable item-level discount in edit dialog","تفعيل خصم على مستوى المنتج في نافذة التعديل",""
"Disable Rounded Total","تعطيل التقريب",""
"Show exact totals without rounding","عرض الإجماليات الدقيقة بدون تقريب",""
"Sales Operations","عمليات البيع",""
"Allow Credit Sale","السماح بالبيع بالآجل",""
"Enable sales on credit","تفعيل البيع بالآجل",""
"Allow Return","السماح بالإرجاع",""
"Enable product returns","تفعيل إرجاع المنتجات",""
"Allow Write Off Change","السماح بشطب الباقي",""
"Write off small change amounts","شطب المبالغ الصغيرة المتبقية",""
"Allow Partial Payment","السماح بالدفع الجزئي",""
"Enable partial payment for invoices","تفعيل الدفع الجزئي للفواتير",""
"Print without confirmation","الطباعة بدون تأكيد",""
"No POS Profile Selected","لم يتم اختيار ملف نقطة البيع",""
"Please select a POS Profile to configure settings","يرجى اختيار ملف نقطة البيع لتكوين الإعدادات",""
"Failed to load settings","فشل في تحميل الإعدادات",""
"POS Profile not found","لم يتم العثور على ملف نقطة البيع",""
"Settings saved successfully","تم حفظ الإعدادات بنجاح",""
"Settings saved, warehouse updated, and tax mode changed. Cart will be recalculated.","تم حفظ الإعدادات وتحديث المستودع وتغيير وضع الضريبة. سيتم إعادة حساب السلة.",""
"Settings saved and warehouse updated. Reloading stock...","تم حفظ الإعدادات وتحديث المستودع. جاري إعادة تحميل المخزون...",""
"Failed to save settings","فشل في حفظ الإعدادات",""
"{0}s ago","منذ {0}ث",""
"{0}m ago","منذ {0}د",""
"Sign in to POS Next","تسجيل الدخول إلى POS Next",""
"Login Failed","فشل تسجيل الدخول",""
"Enter your username or email","أدخل اسم المستخدم أو البريد الإلكتروني",""
"User ID / Email","اسم المستخدم / البريد الإلكتروني",""
"Enter your password","أدخل كلمة المرور",""
"Hide password","إخفاء كلمة المرور",""
"Show password","إظهار كلمة المرور",""
"Signing in...","جاري تسجيل الدخول...",""
"Clear all items","مسح جميع المنتجات",""
"View all available offers","عرض جميع العروض المتاحة",""
"Apply coupon code","تطبيق رمز الكوبون",""
"Create New Coupon","إنشاء كوبون جديد",""
"No coupons found","لم يتم العثور على كوبونات",""
"Gift","هدية",""
"Used: {0}/{1}","مستخدم: {0}/{1}",""
"Used: {0}","مستخدم: {0}",""
"Select a Coupon","اختر كوبون",""
"Choose a coupon from the list to view and edit, or create a new one to get started","اختر كوبوناً من القائمة لعرضه وتعديله، أو أنشئ واحداً جديداً للبدء",""
"You don't have permission to create coupons","ليس لديك إذن لإنشاء كوبونات",""
"Coupon Details","تفاصيل الكوبون",""
"Fill in the details to create a new coupon","أملأ التفاصيل لإنشاء كوبون جديد",""
"View and update coupon information","عرض وتحديث معلومات الكوبون",""
"Create","إنشاء",""
"Coupon Name","اسم الكوبون",""
"e.g., Summer Sale Coupon 2025","مثال: كوبون تخفيضات الصيف 2025",""
"Coupon Type","نوع الكوبون",""
"Promotional","ترويجي",""
"Gift Card","بطاقة هدايا",""
"Auto-generated if empty","يتم إنشاؤه تلقائياً إذا كان فارغاً",""
"Generate","توليد",""
"Customer ID or Name","رقم العميل أو الاسم",""
"Company","الشركة",""
"Discount Configuration","إعدادات الخصم",""
"Apply Discount On","تطبيق الخصم على",""
"Net Total","صافي الإجمالي",""
"e.g., 20","مثال: 20",""
"Amount in {0}","المبلغ بـ {0}",""
"Minimum Cart Amount","الحد الأدنى لقيمة السلة",""
"Optional minimum in {0}","الحد الأدنى الاختياري بـ {0}",""
"Maximum Discount Amount","الحد الأقصى للخصم",""
"Optional cap in {0}","الحد الأقصى الاختياري بـ {0}",""
"Current Discount:","الخصم الحالي:",""
"{0}% off {1}","خصم {0}% على {1}",""
"{0} off {1}","خصم {0} على {1}",""
"(Min: {0})","(الحد الأدنى: {0})",""
"(Max Discount: {0})","(الحد الأقصى للخصم: {0})",""
"Validity & Usage","الصلاحية والاستخدام",""
"Unlimited","غير محدود",""
"Only One Use Per Customer","استخدام واحد فقط لكل عميل",""
"Coupon Status & Info","حالة الكوبون والمعلومات",""
"Current Status","الحالة الحالية",""
"Created On","تاريخ الإنشاء",""
"Last Modified","آخر تعديل",""
"Delete Coupon","حذف الكوبون",""
"-- No Campaign --","-- بدون حملة --",""
"Failed to load coupons","فشل في تحميل الكوبونات",""
"Failed to load coupon details","فشل في تحميل تفاصيل الكوبون",""
"Coupon created successfully","تم إنشاء الكوبون بنجاح",""
"Failed to create coupon","فشل في إنشاء الكوبون",""
"Coupon updated successfully","تم تحديث الكوبون بنجاح",""
"Failed to update coupon","فشل في تحديث الكوبون",""
"Coupon status updated successfully","تم تحديث حالة الكوبون بنجاح",""
"Failed to toggle coupon status","فشل في تبديل حالة الكوبون",""
"Coupon deleted successfully","تم حذف الكوبون بنجاح",""
"Failed to delete coupon","فشل في حذف الكوبون",""
"Please enter a coupon name","يرجى إدخال اسم الكوبون",""
"Please select a discount type","يرجى اختيار نوع الخصم",""
"Please enter a valid discount percentage (1-100)","يرجى إدخال نسبة خصم صالحة (1-100)",""
"Please enter a valid discount amount","يرجى إدخال مبلغ خصم صالح",""
"Please select a customer for gift card","يرجى اختيار عميل لبطاقة الهدايا",""
"Cannot delete coupon as it has been used {0} times","لا يمكن حذف الكوبون لأنه تم استخدامه {0} مرات",""
"Add to Cart","إضافة للسلة",""
"Warehouse","المستودع",""
"Search products...","البحث عن المنتجات...",""
"Item Code","رمز الصنف",""
"Brand","العلامة التجارية",""
"Transaction","المعاملة",""
"e.g., Summer Sale 2025","مثال: تخفيضات الصيف 2025",""
"Pricing Rules","قواعد التسعير",""
"Promo Schemes","المخططات الترويجية",""
"Return Reason","سبب الإرجاع",""
"Settings saved. Tax mode is now \"inclusive\". Cart will be recalculated.","تم حفظ الإعدادات. وضع الضريبة الآن \"شامل\". سيتم إعادة حساب السلة.",""
"Settings saved. Tax mode is now \"exclusive\". Cart will be recalculated.","تم حفظ الإعدادات. وضع الضريبة الآن \"غير شامل\". سيتم إعادة حساب السلة.",""
"This will clear all cached items, customers, and stock data. Invoices and drafts will be preserved.","سيتم مسح جميع الأصناف والعملاء وبيانات المخزون المخزنة مؤقتاً. سيتم الاحتفاظ بالفواتير والمسودات.",""
"Clear All Data","مسح جميع البيانات",""
"Clearing...","جاري المسح...",""
"Confirm Clear Cache","تأكيد مسح الذاكرة المؤقتة",""
"Manage Invoices","إدارة الفواتير",""
"Outstanding","المستحقات",""
"No Outstanding","لا مستحقات",""
"Pay Outstanding","دفع المستحقات",""
"View Outstanding","عرض المستحقات",""
"Search invoices...","البحث عن الفواتير...",""
"Invoice Management","إدارة الفواتير",""
"All Invoices","جميع الفواتير",""
"Draft","مسودة",""
"Return","مرتجع",""
"Load More","تحميل المزيد",""
"No more invoices","لا مزيد من الفواتير",""
"Failed to load invoices","فشل في تحميل الفواتير",""
"Apply Filter","تطبيق الفلتر",""
"Reset Filter","إعادة تعيين الفلتر",""
"Filter by Status","تصفية حسب الحالة",""
"Filter by Date","تصفية حسب التاريخ",""
"Show All","عرض الكل",""
"Shift Details","تفاصيل الوردية",""
"Shift ID","رقم الوردية",""
"Cashier","أمين الصندوق",""
"Current Time","الوقت الحالي",""
"Cash Sales","مبيعات نقدية",""
"Card Sales","مبيعات بطاقات",""
"Other Sales","مبيعات أخرى",""
"Total Transactions","إجمالي المعاملات",""
"Average Transaction","متوسط المعاملة",""
"Shift Summary","ملخص الوردية",""
"View Full Report","عرض التقرير الكامل",""
"Print Report","طباعة التقرير",""
"Export Data","تصدير البيانات",""
"Quick Actions","إجراءات سريعة",""
"New Sale","عملية بيع جديدة",""
"Returns","المرتجعات",""
"Recent Activity","النشاط الأخير",""
"No recent activity","لا يوجد نشاط حديث",""
"Show All Activity","عرض كل النشاط",""
"Keyboard Shortcuts","اختصارات لوحة المفاتيح",""
"Press F1 for help","اضغط F1 للمساعدة",""
"Press Enter to search","اضغط Enter للبحث",""
"Press Esc to close","اضغط Esc للإغلاق",""
"Scanning...","جاري المسح...",""
"Scan Complete","اكتمل المسح",""
"Scan Failed","فشل المسح",""
"Invalid Barcode","باركود غير صالح",""
"Item Scanned","تم مسح الصنف",""
"Multiple Results","نتائج متعددة",""
"Select Item","اختر الصنف",""
"Enter Quantity","أدخل الكمية",""
"Set Price","تعيين السعر",""
"Custom Price","سعر مخصص",""
"Original Price","السعر الأصلي",""
"New Price","السعر الجديد",""
"Price Changed","تم تغيير السعر",""
"Discount Applied","تم تطبيق الخصم",""
"Offer Applied","تم تطبيق العرض",""
"Coupon Applied","تم تطبيق الكوبون",""
"Free Items Added","تمت إضافة أصناف مجانية",""
"Bundle Items","أصناف الحزمة",""
"View Bundle","عرض الحزمة",""
"Expand Bundle","توسيع الحزمة",""
"Collapse Bundle","طي الحزمة",""
"Stock Warning","تحذير المخزون",""
"Low Stock Warning","تحذير انخفاض المخزون",""
"Only {0} left in stock","متبقي {0} فقط في المخزون",""
"Continue Anyway","المتابعة رغم ذلك",""
"Check Other Warehouses","التحقق من المستودعات الأخرى",""
"Transfer Stock","نقل مخزون",""
"Reserve Stock","حجز مخزون",""
"Stock Reserved","تم حجز المخزون",""
"Reservation Expired","انتهت صلاحية الحجز",""
"Extend Reservation","تمديد الحجز",""
"Release Reservation","إلغاء الحجز",""
"Customer Account","حساب العميل",""
"Credit Limit","حد الائتمان",""
"Available Credit","الرصيد المتاح",""
"Credit Used","الرصيد المستخدم",""
"Credit Exceeded","تجاوز حد الائتمان",""
"Requires Approval","يتطلب موافقة",""
"Request Approval","طلب الموافقة",""
"Approval Pending","بانتظار الموافقة",""
"Approved","تمت الموافقة",""
"Rejected","مرفوض",""
"Loyalty Points","نقاط الولاء",""
"Points Balance","رصيد النقاط",""
"Redeem Points","استبدال النقاط",""
"Points to Redeem","نقاط للاستبدال",""
"Points Value","قيمة النقاط",""
"Points Earned","النقاط المكتسبة",""
"Points Redeemed","النقاط المستبدلة",""
"Split Payment","تقسيم الدفع",""
"Add Split","إضافة تقسيم",""
"Remove Split","إزالة التقسيم",""
"Split Amount","مبلغ التقسيم",""
"Remaining to Pay","المتبقي للدفع",""
"Payment Complete","اكتمل الدفع",""
"Print Options","خيارات الطباعة",""
"Print Preview","معاينة الطباعة",""
"Printer Settings","إعدادات الطابعة",""
"Select Printer","اختر الطابعة",""
"Default Printer","الطابعة الافتراضية",""
"Paper Size","حجم الورق",""
"Print Copies","نسخ الطباعة",""
"Include Logo","تضمين الشعار",""
"Include QR Code","تضمين رمز QR",""
"Include Barcode","تضمين الباركود",""
"Compact Mode","الوضع المضغوط",""
"Full Mode","الوضع الكامل",""
"Email Receipt","إرسال الإيصال بالبريد",""
"SMS Receipt","إرسال الإيصال SMS",""
"WhatsApp Receipt","إرسال الإيصال واتساب",""
"Receipt Sent","تم إرسال الإيصال",""
"Failed to Send","فشل الإرسال",""
"Retry","إعادة المحاولة",""
"Skip","تخطي",""
"Done","تم",""
"Finish","إنهاء",""
"Complete Sale","إتمام البيع",""
"New Transaction","معاملة جديدة",""
"Continue Shopping","متابعة التسوق",""
"Start New Sale","بيع جديد",""
"View Receipt","عرض الإيصال",""
"Download Receipt","تحميل الإيصال",""
"Share Receipt","مشاركة الإيصال",""
"Copy Link","نسخ الرابط",""
"Link Copied","تم نسخ الرابط",""
"Invoice loaded to cart for editing","تم تحميل الفاتورة للسلة للتعديل",""
"Campaign","الحملة",""
"Referral Code","رمز الدعوة",""
"Times Used","مرات الاستخدام",""
"Maximum Use","الحد الأقصى للاستخدام",""
"Are you sure you want to delete <strong>\"{0}\"<strong>?","هل أنت متأكد من حذف <strong>\"{0}\"<strong>؟",""
"Return Reason <span class=\"text-gray-400\">(optional)</span>","سبب الإرجاع <span class=\"text-gray-400\">(اختياري)</span>",""
"Return Reason &lt;span class=&quot;text-gray-400&quot;&gt;(optional)&lt;/span&gt;","سبب الإرجاع <span class=\"text-gray-400\">(اختياري)</span>",""
"<strong>Note:<strong> When enabled, the system will allow sales even when stock quantity is zero or negative. This is useful for handling stock sync delays or backorders. All transactions are tracked in the stock ledger.","<strong>ملاحظة:<strong> عند التفعيل، سيسمح النظام بالبيع حتى لو كانت كمية المخزون صفراً أو سالبة. هذا مفيد لمعالجة تأخر مزامنة المخزون أو الطلبات الآجلة. يتم تتبع جميع المعاملات في دفتر المخزون.",""
"<strong>Status:<strong> Running","<strong>الحالة:<strong> يعمل",""
"<strong>Status:<strong> Stopped","<strong>الحالة:<strong> متوقف",""
"<strong>Items Tracked:<strong> {0}","<strong>الأصناف المتتبعة:<strong> {0}",""
"<strong>Warehouse:<strong> {0}","<strong>المستودع:<strong> {0}",""
"<strong>Last Sync:<strong> {0}","<strong>آخر مزامنة:<strong> {0}",""
"<strong>Last Sync:<strong> Never","<strong>آخر مزامنة:<strong> أبداً",""
"Cart subtotal BEFORE tax - used for discount calculations","المجموع الفرعي للسلة قبل الضريبة - يستخدم لحساب الخصم",""
"Draft invoice deleted","تم حذف مسودة الفاتورة",""
"Failed to delete draft invoice","فشل حذف مسودة الفاتورة",""
"Search sales person...","بحث عن بائع...",""
"Item Group","مجموعة الأصناف",""
"Mobile","الجوال",""
"Clear Cache?","مسح الذاكرة المؤقتة؟",""
"Clearing Cache...","جاري مسح الذاكرة...",""
"Please wait while we clear your cached data","يرجى الانتظار، جاري مسح البيانات المؤقتة",""
"<strong>Company:<strong>","<strong>الشركة:<strong>",""
"<strong>Opened:</strong> {0}","<strong>تم الفتح:</strong> {0}",""
"<strong>Opened:<strong>","<strong>تم الفتح:<strong>",""
"<strong>POS Profile:</strong> {0}","<strong>ملف نقطة البيع:</strong> {0}",""
"<strong>POS Profile:<strong> {0}","<strong>ملف نقطة البيع:<strong> {0}",""
"(FREE)","(مجاني)",""
"Are you sure you want to sign out of POS Next?","هل أنت متأكد من تسجيل الخروج من POS Next؟",""
"At least {0} items required","مطلوب {0} أصناف على الأقل",""
"Create new customer: {0}","إنشاء عميل جديد: {0}",""
"Creating return for invoice {0}","جاري إنشاء مرتجع للفاتورة {0}",""
"Enter actual amount for {0}","أدخل المبلغ الفعلي لـ {0}",""
"Exception: {0}","استثناء: {0}",""
"Expected: <span class=""font-medium"">{0}</span>","المتوقع: <span class=""font-medium"">{0}</span>",""
"From {0}","من {0}",""
"Invoice - {0}","فاتورة - {0}",""
"Invoice ID: {0}","رقم الفاتورة: {0}",""
"Invoice {0} created and sent to printer","تم إنشاء الفاتورة {0} وإرسالها للطابعة",""
"Invoice {0} created but print failed","تم إنشاء الفاتورة {0} لكن فشلت الطباعة",""
"Invoice {0} created successfully","تم إنشاء الفاتورة {0} بنجاح",""
"Invoice {0} created successfully!","تم إنشاء الفاتورة {0} بنجاح!",""
"Item: {0}","الصنف: {0}",""
"Maximum cart value exceeded ({0})","تجاوزت السلة الحد الأقصى للقيمة ({0})",""
"Maximum {0} items allowed for this offer","الحد الأقصى المسموح به لهذا العرض {0} أصناف",""
"Message: {0}","الرسالة: {0}",""
"Minimum cart value of {0} required","الحد الأدنى المطلوب لقيمة السلة هو {0}",""
"No pending invoices to sync","لا توجد فواتير معلقة للمزامنة",""
"Opening Balance (Optional)","الرصيد الافتتاحي (اختياري)",""
"Over {0}","فائض {0}",""
"POS Profile: {0}","ملف نقطة البيع: {0}",""
"Promotion saved successfully","تم حفظ العرض الترويجي بنجاح",""
"Remove all {0} items from cart?","إزالة جميع أصناف {0} من السلة؟",""
"Return invoice {0} created successfully","تم إنشاء فاتورة المرتجع {0} بنجاح",""
"Search by email: {0}","بحث بالبريد: {0}",""
"Search by phone: {0}","بحث بالهاتف: {0}",""
"Shift Open","الوردية مفتوحة",""
"Short {0}","عجز {0}",""
"Sign in","تسجيل الدخول",""
"Sign out","تسجيل الخروج",""
"Signing out...","جاري الخروج...",""
"Status: {0}","الحالة: {0}",""
"Switched to {0}. Stock quantities refreshed.","تم التبديل إلى {0}. تم تحديث كميات المخزون.",""
"Technical: {0}","تقني: {0}",""
"Timestamp: {0}","الطابع الزمني: {0}",""
"Title: {0}","العنوان: {0}",""
"Total: {0}","الإجمالي: {0}",""
"Type: {0}","النوع: {0}",""
"Unit changed to {0}","تم تغيير الوحدة إلى {0}",""
"Until {0}","حتى {0}",""
"User: {0}","المستخدم: {0}",""
"View cart with {0} items","عرض السلة ({0} أصناف)",""
"Warehouse updated but failed to reload stock. Please refresh manually.","تم تحديث المستودع لكن فشل تحميل المخزون. يرجى التحديث يدوياً.",""
"Welcome to POS Next!","مرحباً بك في POS Next!",""
"You have an open shift. Would you like to resume it or close it and open a new one?","لديك وردية مفتوحة. هل تريد استئنافها أم إغلاقها وفتح وردية جديدة؟",""
"Your cart doesn't meet the requirements for this offer.","سلتك لا تستوفي متطلبات هذا العرض.",""
"{0} ({1}) added to cart","تمت إضافة {0} ({1}) للسلة",""
"{0} added to cart","تمت إضافة {0} للسلة",""
"{0} applied successfully","تم تطبيق {0} بنجاح",""
"{0} created and selected","تم إنشاء {0} وتحديده",""
"{0} invoice(s) failed to sync","فشلت مزامنة {0} فاتورة",""
"{0} invoice(s) synced successfully","تمت مزامنة {0} فاتورة بنجاح",""
"{0} invoices","{0} فواتير",""
"{0} selected","{0} محدد",""
"{0} settings applied immediately","تم تطبيق إعدادات {0} فوراً",""
"{0} transactions • {1}","{0} معاملات • {1}",""
"{0} updated successfully","تم تحديث {0} بنجاح",""
"{0}h {1}m","{0}س {1}د",""
"{0}m","{0}د",""
"✓ Connection successful: {0}","✓ الاتصال ناجح: {0}",""
"✗ Connection failed: {0}","✗ فشل الاتصال: {0}",""
"Manage all your invoices in one place","إدارة جميع فواتيرك في مكان واحد",""
"All ({0})","الكل ({0})",""
"Promotions","العروض الترويجية",""
"Search serial numbers...","البحث عن الأرقام التسلسلية...",""
"Loading serial numbers...","جاري تحميل الأرقام التسلسلية...",""
"No serial numbers available","لا توجد أرقام تسلسلية متاحة",""
"No serial numbers match your search","لا توجد أرقام تسلسلية تطابق بحثك",""
"Serial Numbers","الأرقام التسلسلية",""
"Cannot remove last serial","لا يمكن إزالة آخر رقم تسلسلي",""
"Remove serial","إزالة الرقم التسلسلي",""
"Serial No:","الرقم التسلسلي:",""
"Click to edit serials","انقر لتعديل الأرقام التسلسلية",""
"Edit serials","تعديل الأرقام التسلسلية",""
"serials","أرقام تسلسلية",""
"Stock Lookup","الاستعلام عن المخزون",""
"Search for item availability across all warehouses","التحقق من توفر الأصناف في كافة المستودعات",""
"Search for items across warehouses","البحث عن الأصناف عبر المستودعات",""
"Type to search items...","اكتب للبحث عن صنف...",""
"Search by item name, code, or scan barcode","البحث بالاسم، الرمز، أو قراءة الباركود",""
"No items found for \"{0}\"","لم يتم العثور على نتائج لـ \"{0}\"",""
"Try a different search term","جرب كلمة بحث أخرى",""
"Search Again","إعادة البحث",""
"Search for an item","البحث عن صنف",""
"Start typing to see suggestions","ابدأ الكتابة لإظهار الاقتراحات",""
"Navigate","التنقل",""
"Enter","إدخال",""
"Esc","خروج",""
"Total Available","إجمالي الكمية المتوفرة",""
"in 1 warehouse","في مستودع واحد",""
"in {0} warehouses","في {0} مستودعات",""
"{0} reserved","{0} محجوزة",""
"Actual Stock","الرصيد الفعلي",""
"This item is out of stock in all warehouses","هذا الصنف نفذ من جميع المستودعات",""
"Failed to load warehouse availability","تعذر تحميل بيانات التوفر",""
"Close dialog","إغلاق",""
"Clear search","مسح البحث",""
"Click to view availability in other warehouses","انقر لعرض التوفر في باقي المستودعات",""
"Credit Sale Return","مرتجع مبيعات آجلة",""
"This invoice was paid on account (credit sale). The return will reverse the accounts receivable balance. No cash refund will be processed.","تم بيع هذه الفاتورة ""على الحساب"". سيتم خصم القيمة من مديونية العميل (تسوية الرصيد) ولن يتم صرف أي مبلغ نقدي.",""
"Customer Credit:","رصيد العميل:",""
"This return was against a Pay on Account invoice. The accounts receivable balance has been reversed. No cash refund was processed.","هذا المرتجع يخص فاتورة آجلة. تم تعديل رصيد العميل تلقائياً، ولم يتم دفع أي مبلغ نقدي.",""
"This invoice was sold on credit. The customer owes the full amount.","تم تسجيل هذه الفاتورة كبيع آجل. المبلغ بالكامل مستحق على العميل.",""
"Partially Paid Invoice","فاتورة مسددة جزئياً",""
"This invoice was partially paid. The refund will be split proportionally.","هذه الفاتورة مسددة جزئياً. سيتم تقسيم المبلغ المسترد بشكل متناسب.",""
"Cash Refund:","استرداد نقدي:",""
"Credit Adjustment:","تسوية الرصيد:",""
"Refundable Amount:","المبلغ القابل للاسترداد:",""
"⚠️ Payment total must equal refundable amount","⚠️ يجب أن يساوي إجمالي الدفع المبلغ القابل للاسترداد",""
"Return Value:","قيمة الإرجاع:",""
"Select Item Variant","اختيار نوع الصنف",""
"Select Unit of Measure","اختيار وحدة القياس",""
"Choose a variant of this item:","اختر نوعاً من هذا الصنف:",""
"Select the unit of measure for this item:","اختر وحدة القياس لهذا الصنف:",""
"Loading options...","جاري تحميل الخيارات...",""
"Stock: {0}","المخزون: {0}",""
"This combination is not available","هذا التركيب غير متوفر",""
"Unit of Measure","وحدة القياس",""
"No Variants Available","لا توجد أنواع متاحة",""
"No Options Available","لا توجد خيارات متاحة",""
"This item template <strong>{0}<strong> has no variants created yet.","قالب الصنف <strong>{0}</strong> ليس له أنواع مُنشأة بعد.",""
"No additional units of measurement configured for this item.","لم يتم تكوين وحدات قياس إضافية لهذا الصنف.",""
"To create variants:","لإنشاء الأنواع:",""
"1. Go to <strong>Item Master<strong> → <strong>{0}<strong>","1. اذهب إلى <strong>سجل الأصناف</strong> ← <strong>{0}</strong>",""
"2. Click <strong>""Make Variants""<strong> button","2. انقر على زر <strong>""إنشاء الأنواع""</strong>",""
"3. Select attribute combinations","3. اختر تركيبات الخصائص",""
"4. Click <strong>""Create""<strong>","4. انقر على <strong>""إنشاء""</strong>",""
"per {0}","لكل {0}",""
"Stock unit","وحدة المخزون",""
"1 {0} = {1} {2}","1 {0} = {1} {2}",""
"Requested quantity ({0}) exceeds available stock ({1})","الكمية المطلوبة ({0}) تتجاوز المخزون المتاح ({1})",""
"Offers are applied automatically when your cart meets the requirements","يتم تطبيق العروض تلقائياً عندما تستوفي سلتك المتطلبات",""
"Applied","مُطبَّق",""
"APPLIED","مُطبَّق",""
"Waiting for requirements","في انتظار استيفاء المتطلبات",""
"Offer applied: {0}","تم تطبيق العرض: {0}",""
"Offer removed: {0}. Cart no longer meets requirements.","تم إزالة العرض: {0}. السلة لم تعد تستوفي المتطلبات.",""
"PRICING RULE","قاعدة تسعير",""
"PROMO SCHEME","مخطط ترويجي",""
"Applying...","جاري التطبيق...",""
